{"cameraMode":{"drawMode":0,"name":"Shaded","section":"Shading Mode"},"sceneLighting":false,"audioPlay":false,"sceneViewState":{"showFog":true,"showMaterialUpdate":false,"showSkybox":false,"showFlares":true,"showImageEffects":true,"showParticleSystems":true},"in2DMode":false,"pivot":{"x":0.0,"y":0.8718430995941162,"z":-0.04061836004257202},"rotation":{"x":0.0031859292648732664,"y":0.9817148447036743,"z":-0.18962764739990235,"w":0.01649494282901287},"size":1.4845789670944214,"orthographic":false}