{"cameraMode":{"drawMode":0,"name":"Shaded","section":"Shading Mode"},"sceneLighting":false,"audioPlay":false,"sceneViewState":{"showFog":true,"showMaterialUpdate":false,"showSkybox":false,"showFlares":true,"showImageEffects":true,"showParticleSystems":true},"in2DMode":false,"pivot":{"x":39.27203369140625,"y":4.2602925300598148,"z":15.173809051513672},"rotation":{"x":0.0031859292648732664,"y":0.9817148447036743,"z":-0.18962764739990235,"w":0.01649494282901287},"size":3.3267815113067629,"orthographic":false}