{"cameraMode":{"drawMode":0,"name":"Shaded","section":"Shading Mode"},"sceneLighting":false,"audioPlay":false,"sceneViewState":{"showFog":true,"showMaterialUpdate":false,"showSkybox":false,"showFlares":true,"showImageEffects":true,"showParticleSystems":true},"in2DMode":false,"pivot":{"x":39.27203369140625,"y":4.2602925300598148,"z":15.173809051513672},"rotation":{"x":-0.043456826359033588,"y":0.931141197681427,"z":-0.11824150383472443,"w":-0.34221571683883669},"size":3.926781415939331,"orthographic":false}